Job Title,Salary Range,Open Jobs
Lab Technician,$42K-$59K,4 open jobs
Process Engineer,$84K-$116K,12 open jobs
Production Engineer,$79K-$114K,Create a job alert
Accountant,$61K-$93K,5 open jobs
Maintenance Technician,$55K-$73K,45 open jobs
Research Scientist,$97K-$148K,3 open jobs
Intern,$47K-$78K,8 open jobs
Operator,$45K-$68K,27 open jobs
Project Manager,$94K-$142K,4 open jobs
Staff Accountant,$60K-$83K,3 open jobs
Laborer,$40K-$52K,17 open jobs
Engineer,$85K-$126K,30 open jobs
Manager,$100K-$156K,67 open jobs
Merchandiser,$35K-$48K,2 open jobs
Superintendent,$102K-$144K,9 open jobs
Deckhand,$42K-$66K,Create a job alert
Customer Service Representative,$39K-$56K,1 open jobs
Intern - Hourly,$46K-$85K,Create a job alert
Production Operator,$40K-$53K,27 open jobs
Administrative Assistant,$43K-$60K,1 open jobs
